id,account,name,mobile,address,password,email
1,bfritter0,BobbyFritter,9527-4235,8022 Forest Run Plaza,b4CxGT,bfritter0@microsoft.com
2,gworthy1,GaylaWorthy,8249-2875,81595 Portage Pass,4yZoyg,gworthy1@hhs.gov
3,cquittonden2,ChrissyQuittonden,6330-2788,040 Sugar Road,iFPE1I,cquittonden2@slideshare.net
4,mbudget3,MeghannBudget,1601-5154,824 Bartillon Plaza,V3RMm1qdu,mbudget3@bbb.org
5,hblock4,HusseinBlock,7914-1837,0 Pine View Center,UUR1U8j,hblock4@fc2.com
6,fkeech5,FiannKeech,5748-2806,54895 Mesta Hill,gYIXUowPCBI,fkeech5@macromedia.com
7,mbaudacci6,MeirBaudacci,3647-1715,6 Namekagon Court,Q0M5e6,mbaudacci6@tumblr.com
8,athecham7,AarenThecham,7954-3343,034 Anzinger Pass,spXJs2,athecham7@jiathis.com
9,rdouberday8,RhiamonDouberday,7413-3504,17946 Merchant Court,bzDCXNoX,rdouberday8@mapquest.com
10,ginott9,GageInott,1183-5350,82213 Orin Road,aTGMo4lzEs,ginott9@gmpg.org
11,adransfielda,AbelDransfield,0343-4222,04 Victoria Lane,RQoAAaX,adransfielda@yahoo.co.jp
12,pconorb,PadgettConor,7527-0166,2 Crescent Oaks Lane,QzVU2my,pconorb@blogs.com
13,niacabuccic,NielIacabucci,6999-8470,58 Old Gate Pass,8gIcdv4,niacabuccic@opensource.org
14,rowend,RicorikiOwen,4527-3575,3484 Service Park,gnm7MsTtQEcg,rowend@purevolume.com
15,draratye,DottieRaraty,4760-9218,875 1st Point,DrNZwjvyz,draratye@google.com.br
16,eclawef,EdyClawe,4154-4548,002 Esker Alley,VXeQ5K8,eclawef@hostgator.com
17,shammg,SiwardHamm,0994-4674,0 Hanson Plaza,Wo39iJGA4S,shammg@usda.gov
18,degginsonh,DanikaEgginson,0831-5658,869 Killdeer Junction,yKL24eAC,degginsonh@japanpost.jp
19,nlangridgei,NickoLangridge,4176-4765,52896 Heath Junction,IoXgszUfn,nlangridgei@discuz.net
20,mchatterisj,MargeChatteris,9960-7029,14598 Trailsway Alley,XmT0GQmQP,mchatterisj@businessweek.com
21,sjeppersonk,SladeJepperson,5572-7166,745 Northport Way,uMoP5yad,sjeppersonk@zimbio.com
22,levensdenl,LurleenEvensden,3639-4429,78 Gateway Way,b2WGUK,levensdenl@elpais.com
23,cpaintainm,ChristoperPaintain,1803-1176,66599 Oneill Park,vbU4L6KaMyr,cpaintainm@state.gov
24,hfollittn,HermonFollitt,2806-3063,1 Londonderry Park,dxkgWNLt,hfollittn@php.net
25,nbrillemano,NealsonBrilleman,3198-4477,7207 Morningstar Lane,50jYmQ,nbrillemano@plala.or.jp
26,cormesherp,CornallOrmesher,4372-5361,925 Packers Hill,GkcaMFm7tV9R,cormesherp@nhs.uk
27,jdjorvicq,JulitaDjorvic,1295-8613,34 Parkside Trail,dp0Nprx,jdjorvicq@slate.com
28,itallowinr,InessaTallowin,2659-8674,01201 Upham Circle,lgIhJVFV6c,itallowinr@jiathis.com
29,kstathams,KaiaStatham,7316-2922,825 Morningstar Junction,4jfDS2ms,kstathams@sourceforge.net
30,lmoraleet,LanitaMoralee,1596-8742,223 Artisan Park,xkiElh,lmoraleet@vkontakte.ru
31,swoollastonu,SalimWoollaston,5919-1689,7599 Columbus Place,JIiI1f2f2O,swoollastonu@e-recht24.de
32,bsilbersakv,BarthelSilbersak,0552-3121,277 Harper Junction,at9Kc8Iot,bsilbersakv@elpais.com
33,mstanistreetw,MitziStanistreet,0714-8202,28924 Maple Wood Parkway,14sNzHJuB4x,mstanistreetw@epa.gov
34,pbifordx,PerlaBiford,1810-4990,96 Forest Dale Street,pjFn5EziPx,pbifordx@sakura.ne.jp
35,mgaggeny,MartinoGaggen,4949-9393,06486 Tennessee Hill,LPdvNdPbQa1B,mgaggeny@ask.com
36,bpuseyz,BorisPusey,8087-7602,54024 Meadow Vale Terrace,p6jSyMdx5kw,bpuseyz@omniture.com
37,kpaterson10,KorriePaterson,4991-1093,0 Tennyson Parkway,Ip4VISAL,kpaterson10@tripod.com
38,cschirok11,CarmeliaSchirok,9508-4694,4 Cody Hill,ikxRvnm1,cschirok11@barnesandnoble.com
39,awands12,ArtemusWands,3746-2828,8859 Melody Point,cD1Gfs,awands12@live.com
40,lkinman13,LouKinman,8713-8925,308 Logan Place,2xs75H,lkinman13@tuttocitta.it
41,kvarty14,KimbellVarty,8379-0119,3494 Lakewood Alley,EQw5BzZ,kvarty14@earthlink.net
42,bplaydon15,BriggsPlaydon,0867-5000,136 Spohn Point,6Z6lXrwY1dn,bplaydon15@rakuten.co.jp
43,xkornas16,XimenesKornas,4131-0374,54579 Mccormick Junction,6hqOS5E,xkornas16@vimeo.com
44,fcopestake17,FultonCopestake,5258-9896,1 Algoma Drive,yJ7jsmeCWIz,fcopestake17@360.cn
45,arabbet18,AliciaRabbet,7932-0554,29 Meadow Vale Pass,NGMwbVi42V2Y,arabbet18@networksolutions.com
46,mdominec19,MyrleDominec,7230-2880,53808 Anhalt Center,pQq97Z6kk,mdominec19@reddit.com
47,pboxer1a,PhilippeBoxer,7152-8190,4835 Bartillon Hill,RDa584YOy,pboxer1a@yale.edu
48,tslisby1b,TeresitaSlisby,8719-2650,6319 Dahle Drive,JtOFbtER,tslisby1b@umich.edu
49,gkinneir1c,GenniferKinneir,5929-8470,135 Iowa Junction,zoQyEs,gkinneir1c@livejournal.com
50,wkyberd1d,WoodyKyberd,0043-6052,0 Vermont Avenue,jhdTj0ZY7,wkyberd1d@omniture.com
51,hmaddin1e,HildegaardMaddin,0068-4441,4 Johnson Lane,HdLUwUNOU,hmaddin1e@china.com.cn
52,overni1f,OdettaVerni,4934-5606,66872 Fairfield Junction,Wq5fWx,overni1f@about.me
53,gwhittuck1g,GwynneWhittuck,9388-4126,74006 Gina Avenue,4JzF8m1Nq,gwhittuck1g@google.co.uk
54,cpeddie1h,CarloPeddie,5504-1053,55 Village Hill,YpJugsCgOB,cpeddie1h@telegraph.co.uk
55,bgale1i,BunnyGale,7542-6028,6068 Sunnyside Road,noqxooa,bgale1i@diigo.com
56,tbendix1j,TwilaBendix,3886-9167,405 Claremont Crossing,m7P57xT,tbendix1j@storify.com
57,wmacmorland1k,WinMacMorland,0223-3128,3 Carioca Road,0XhQJV,wmacmorland1k@cnbc.com
58,pferreri1l,PhylysFerreri,5126-4031,0563 Welch Pass,XrsGejPELwx,pferreri1l@webeden.co.uk
59,sbaistow1m,StanleyBaistow,2746-0341,6493 Drewry Circle,lN84sWN,sbaistow1m@timesonline.co.uk
60,bmcilharga1n,BradyMcIlharga,9391-4066,500 Randy Terrace,PIGERwG5,bmcilharga1n@timesonline.co.uk
61,sackred1o,SalAckred,4863-2079,119 Bonner Park,cZyIYUSUu,sackred1o@yandex.ru
62,mpele1p,MarnePele,8821-8527,364 Harper Place,c7PkexP2UgV,mpele1p@patch.com
63,scurnow1q,SayCurnow,5620-0069,7778 Bellgrove Way,l86YTBUt6y,scurnow1q@google.co.jp
64,rrowlin1r,RaddieRowlin,3450-3711,629 Westerfield Terrace,FuyhuA6OBZG,rrowlin1r@4shared.com
65,zsimonnot1s,ZarlaSimonnot,8461-2405,4 Larry Terrace,CIZwNmaP6q,zsimonnot1s@google.com
66,meick1t,ModestyEick,6901-8945,763 Logan Crossing,hcBprzR,meick1t@altervista.org
67,lmcalester1u,LeslieMcAlester,2592-0447,1 Helena Alley,SIsWjPx8,lmcalester1u@weather.com
68,kphizaclea1v,KylilaPhizaclea,8437-4720,85 Crescent Oaks Park,DzYzSivwDm,kphizaclea1v@ovh.net
69,bheatherington1w,BrineyHeatherington,6817-7098,93009 Ridgeway Road,59Pi98M,bheatherington1w@behance.net
70,todocherty1x,TheodoreO'Docherty,1180-6666,46 Mifflin Trail,l5KzqO,todocherty1x@skype.com
71,tsavage1y,TheresitaSavage,6734-9403,814 Sunnyside Way,OEf3jd,tsavage1y@xinhuanet.com
72,msilverthorne1z,MinniSilverthorne,4296-1049,28 Mockingbird Parkway,mcL6Ko,msilverthorne1z@infoseek.co.jp
73,fyork20,FergusonYork,4694-9820,98787 Magdeline Drive,DVJxwARsIZ,fyork20@joomla.org
74,whegg21,WinfredHegg,9893-9782,6420 Butterfield Avenue,csjZiBKd,whegg21@fema.gov
75,rsimkovich22,RubiSimkovich,5709-7941,8 Blackbird Alley,FKVPujATt6,rsimkovich22@imgur.com
76,dkeymar23,DoreyKeymar,6426-5670,02 Fulton Lane,ip7nbN3,dkeymar23@psu.edu
77,ssadler24,StaceeSadler,6154-5483,3796 Packers Park,o0QbRqB6QUkX,ssadler24@unicef.org
78,mflorio25,MaxwellFlorio,5781-4319,66 Bellgrove Junction,bXr06HoWDR,mflorio25@miibeian.gov.cn
79,clamperd26,CrystieLamperd,5610-0736,58963 Northview Avenue,fXwD0DRRc4Z,clamperd26@soup.io
80,kdoulton27,KendricksDoulton,3047-4434,70455 Lighthouse Bay Road,TMgcfX,kdoulton27@state.tx.us
81,tseavers28,TanneySeavers,6402-4256,77996 Donald Hill,G4M62TqN,tseavers28@mtv.com
82,geeles29,GabrilaEeles,9218-7189,5531 Graedel Street,jAxZgnZBJUx,geeles29@rakuten.co.jp
83,vsimonite2a,ValeneSimonite,8142-8096,33700 4th Circle,RBbk6Nfb,vsimonite2a@simplemachines.org
84,lvallantine2b,LazarVallantine,8827-9352,37913 Utah Center,Ws9InQTb,lvallantine2b@ustream.tv
85,kpim2c,KordulaPim,9493-3619,2 Veith Drive,BEW2fbvU,kpim2c@usatoday.com
86,rgerlts2d,RickieGerlts,9994-1389,2733 Manley Junction,Cqres0,rgerlts2d@skyrock.com
87,bcavee2e,BradlyCavee,3831-2860,04344 Loeprich Lane,dksONuh,bcavee2e@ebay.com
88,hmounch2f,HenriMounch,1892-0027,48073 Leroy Alley,w0tbZfYqTK,hmounch2f@ebay.com
89,ejopp2g,EstellJopp,9957-6504,2 American Ash Parkway,ezyJEHA,ejopp2g@slideshare.net
90,plamp2h,PurcellLamp,7847-8469,74467 Cody Parkway,jXmwWdc,plamp2h@fc2.com
91,bfinnan2i,BettinaFinnan,5474-5554,02 Ridgeview Point,Fk7uBiM7Ro2,bfinnan2i@census.gov
92,jtrownson2j,JohnnaTrownson,4610-0171,47 Waxwing Place,hYCV5194,jtrownson2j@pbs.org
93,igun2k,ImeldaGun,8922-0136,268 Rowland Street,EidKVJ,igun2k@state.gov
94,amatthews2l,AntonMatthews,5041-9945,3 Lakewood Gardens Lane,2Kmh96,amatthews2l@usgs.gov
95,eplacide2m,EasterPlacide,9941-0758,86 Pleasure Terrace,S9jb8odUP,eplacide2m@t.co
96,wbrownfield2n,WainBrownfield,5506-8707,24405 Sullivan Alley,9Oo2Op3,wbrownfield2n@businessweek.com
97,gtite2o,GrettaTite,5460-6474,8648 Huxley Pass,198j34EmgO,gtite2o@economist.com
98,khonniebal2p,KevinaHonniebal,2496-0811,640 Eastwood Parkway,vNlagdkGY,khonniebal2p@ox.ac.uk
99,pwellstead2q,PearceWellstead,2510-8321,9 Superior Junction,RgL2QX2JD7a,pwellstead2q@icq.com
100,rhouliston2r,RenataHouliston,8457-8714,68868 Browning Crossing,l8M2dQ7,rhouliston2r@archive.org